﻿<?xml version="1.0" encoding="UTF-8" standalone="yes"?>
<Picture>
	<PictureVariant name="85.png" screenDensity="bldpi" glyphWidth="20" glyphHeight="20"/>
	<PictureVariant name="100.png" screenDensity="ldpi" glyphWidth="24" glyphHeight="24"/>
	<PictureVariant name="125.png" screenDensity="aldpi" glyphWidth="30" glyphHeight="30"/>
	<PictureVariant name="150.png" screenDensity="mdpi" glyphWidth="36" glyphHeight="36"/>
	<PictureVariant name="175.png" screenDensity="amdpi" glyphWidth="42" glyphHeight="42"/>
	<PictureVariant name="200.png" screenDensity="hdpi" glyphWidth="48" glyphHeight="48"/>
	<PictureVariant name="300.png" screenDensity="xdpi" glyphWidth="72" glyphHeight="72"/>
	<PictureVariant name="400.png" screenDensity="udpi" glyphWidth="96" glyphHeight="96"/>
	<PictureVariant name="100.png" interfaceVariant="version8_2" screenDensity="ldpi" glyphWidth="24" glyphHeight="24"/>
	<PictureVariant name="100.png" interfaceVariant="version8_2_OrdinaryApp" screenDensity="ldpi" glyphWidth="24" glyphHeight="24"/>
</Picture>
